id;nome;telefone;email
1;holistic Islands;Rubber;Margarett_Upton@hotmail.com
2;bricks-and-clicks;Guarani;Sigrid_Windler@hotmail.com
3;Human Bahamian;Account Handmade;Elmo.Padberg30@hotmail.com
4;Mississippi Granite fuchsia;Metal Principe;Sienna.Breitenberg68@hotmail.com
5;Sports;Unbranded withdrawal Fresh;Brandt_Bosco@hotmail.com
6;Market;Norway;Hobart8@yahoo.com
7;Soap Orchestrator;hybrid;Kelli30@yahoo.com
8;Customer Pizza;Manager Plastic;Mable48@gmail.com
9;digital copy;withdrawal Paradigm;Jarrod_Abernathy@yahoo.com
10;Persevering SMS Mills;red;Brook_Hills49@gmail.com
